[
{
  "pk": 1,
  "model": "auth.user",
  "fields": {
    "password": "pbkdf2_sha256$15000$VDrH5ROiWkoJ$bzKnBbKxBFVYKctl5Y9OJxwrOE3KOD6BpP5d6amUX9k=",
    "username": "admin",
    "email": "",
    "user_permissions": [],
    "last_name": "",
    "groups": [],
    "first_name": "",
    "last_login": "2015-11-06T18:03:00.200",
    "date_joined": "2015-03-11T15:37:33",
    "is_active": true,
    "is_superuser": true,
    "is_staff": true
  }
},
{
  "pk": 2,
  "model": "auth.user",
  "fields": {
    "password": "pbkdf2_sha256$15000$QWQyBemWomg6$vJxsvj5l4xBNCp4FEQfkutXELpYVdlcGc1E9dUiB8Fs=",
    "username": "user1",
    "email": "",
    "user_permissions": [],
    "last_name": "",
    "groups": [],
    "first_name": "",
    "last_login": "2015-09-16T15:28:12.813",
    "date_joined": "2015-03-11T17:46:26.107",
    "is_active": true,
    "is_superuser": false,
    "is_staff": false
  }
},
{
  "pk": 3,
  "model": "auth.user",
  "fields": {
    "password": "pbkdf2_sha256$15000$qvOH720A2eaQ$wDY6a+YzJNfEyfC63CMugNZoerym8bAOVQa1TwnWg9s=",
    "username": "Blabla",
    "email": "guybrush@lexpage.net",
    "user_permissions": [],
    "last_name": "",
    "groups": [],
    "first_name": "",
    "last_login": "2015-11-05T15:05:32.422",
    "date_joined": "2015-11-05T15:05:32.422",
    "is_active": false,
    "is_superuser": false,
    "is_staff": false
  }
},
{
  "pk": 4,
  "model": "auth.user",
  "fields": {
    "password": "pbkdf2_sha256$15000$Hx6MsWBf4JwJ$8EUhTJiLUZ6gRpNAjZkOMjo7txXQH3GHmnrLyaQAmpI=",
    "username": "Blablaq",
    "email": "guybrushq@lexpage.net",
    "user_permissions": [],
    "last_name": "",
    "groups": [],
    "first_name": "",
    "last_login": "2015-11-05T15:08:31.295",
    "date_joined": "2015-11-05T15:08:31.295",
    "is_active": false,
    "is_superuser": false,
    "is_staff": false
  }
},
{
  "pk": "9jejtmfck71b6uloarrlhisofbnupf3p",
  "model": "sessions.session",
  "fields": {
    "expire_date": "2015-06-03T20:27:34.345",
    "session_data": "MTE1MTg4NzhjNGJjZWQ0OWI5NGY3OWZmN2RkMTBjZTY4MTRkNjRhMjp7Il9hdXRoX3VzZXJfaGFzaCI6IjgwNDMyYmYxN2IyMTUxYjE4ODBiMjc3MzU5OGYzN2RhMTAzYjlkNzciLCJfYXV0aF91c2VyX2JhY2tlbmQiOiJkamFuZ28uY29udHJpYi5hdXRoLmJhY2tlbmRzLk1vZGVsQmFja2VuZCIsIl9hdXRoX3VzZXJfaWQiOjF9"
  }
},
{
  "pk": "kxr7twlwp13197md796rl2kbm1w871w5",
  "model": "sessions.session",
  "fields": {
    "expire_date": "2015-06-03T17:48:09.979",
    "session_data": "MTE1MTg4NzhjNGJjZWQ0OWI5NGY3OWZmN2RkMTBjZTY4MTRkNjRhMjp7Il9hdXRoX3VzZXJfaGFzaCI6IjgwNDMyYmYxN2IyMTUxYjE4ODBiMjc3MzU5OGYzN2RhMTAzYjlkNzciLCJfYXV0aF91c2VyX2JhY2tlbmQiOiJkamFuZ28uY29udHJpYi5hdXRoLmJhY2tlbmRzLk1vZGVsQmFja2VuZCIsIl9hdXRoX3VzZXJfaWQiOjF9"
  }
},
{
  "pk": "s8u5coy9et231w0kn4taxj79pi2mz4u0",
  "model": "sessions.session",
  "fields": {
    "expire_date": "2016-01-29T18:03:00.247",
    "session_data": "NmZmODEyM2ZiYjNkMjAxZjI1MDgzMGQxYWYwMTM3MTA1ZTE4ZjA3ODp7Il9hdXRoX3VzZXJfaWQiOjEsIl9hdXRoX3VzZXJfYmFja2VuZCI6ImRqYW5nby5jb250cmliLmF1dGguYmFja2VuZHMuTW9kZWxCYWNrZW5kIiwiX2F1dGhfdXNlcl9oYXNoIjoiODA0MzJiZjE3YjIxNTFiMTg4MGIyNzczNTk4ZjM3ZGExMDNiOWQ3NyJ9"
  }
},
{
  "pk": 1,
  "model": "sites.site",
  "fields": {
    "name": "example.com",
    "domain": "example.com"
  }
},
{
  "pk": 1,
  "model": "flatpages.flatpage",
  "fields": {
    "title": "Version de d\u00e9veloppement du Lexpage",
    "sites": [
      1
    ],
    "enable_comments": false,
    "url": "/edito/",
    "registration_required": false,
    "template_name": "",
    "content": "<p>Bienvenue sur la version de d\u00e9veloppement du Lexpage !</p>\r\n\r\n<p>La base de donn\u00e9es de test, gracieusement fournie par Tchou, contient un ensemble de donn\u00e9es visant \u00e0 rendre le site plus ou moins exploitables dans cet environnement. Les donn\u00e9es ont \u00e9t\u00e9 compl\u00e9t\u00e9es par quelques pages statiques et autres afin de ne pas provoquer des 404 et d'autres erreurs num\u00e9rot\u00e9es arbitrairement d\u00e8s que vous tentez de faire quelque chose.</p>\r\n\r\n<p>Le compte principal, superuser et tout et tout, c'est admin/admin. Un deuxi\u00e8me compte existe : user1/user1. L'inscription ne fonctionne pas localement (sauf si vous configurez un serveur mail ou un backend de remplacement et que vous mettez une cl\u00e9 pour recaptcha !). Utilisez donc l'administration de Django (accessible dans le dernier menu quand vous \u00eates admin) pour ajouter les comptes (n'oubliez pas d'ajouter un \"Profil\" correspondant !). </p>"
  }
},
{
  "pk": 2,
  "model": "flatpages.flatpage",
  "fields": {
    "title": "Rien ici, en dev.",
    "sites": [
      1
    ],
    "enable_comments": false,
    "url": "/about/",
    "registration_required": false,
    "template_name": "",
    "content": "Rien ici, en dev."
  }
},
{
  "pk": 3,
  "model": "flatpages.flatpage",
  "fields": {
    "title": "Rien ici, en dev.",
    "sites": [
      1
    ],
    "enable_comments": false,
    "url": "/bbcode/",
    "registration_required": false,
    "template_name": "",
    "content": "Rien ici, en dev."
  }
},
{
  "pk": 4,
  "model": "flatpages.flatpage",
  "fields": {
    "title": "Rien ici, en dev.",
    "sites": [
      1
    ],
    "enable_comments": false,
    "url": "/markdown/",
    "registration_required": false,
    "template_name": "",
    "content": "Rien ici, en dev."
  }
},
{
  "pk": 1,
  "model": "profile.activationkey",
  "fields": {
    "key": "d2fe8d2a3c89626b1a1dd7096d32a181aa775809",
    "user": [
      "Blablaq"
    ]
  }
},
{
  "pk": 1,
  "model": "profile.profile",
  "fields": {
    "website_name": "",
    "avatar": "",
    "user": [
      "admin"
    ],
    "city": "",
    "gender": "",
    "website_url": "",
    "country": null,
    "birthdate": null,
    "theme": null,
    "last_visit": "2015-11-07T15:52:39.671"
  }
},
{
  "pk": 2,
  "model": "profile.profile",
  "fields": {
    "website_name": "",
    "avatar": "",
    "user": [
      "user1"
    ],
    "city": "",
    "gender": "",
    "website_url": "",
    "country": null,
    "birthdate": null,
    "theme": null,
    "last_visit": "2015-09-16T16:25:03.159"
  }
},
{
  "pk": 3,
  "model": "profile.profile",
  "fields": {
    "website_name": "",
    "avatar": "",
    "user": [
      "Blabla"
    ],
    "city": "",
    "gender": "",
    "website_url": "",
    "country": null,
    "birthdate": null,
    "theme": null,
    "last_visit": null
  }
},
{
  "pk": 4,
  "model": "profile.profile",
  "fields": {
    "website_name": "",
    "avatar": "",
    "user": [
      "Blablaq"
    ],
    "city": "",
    "gender": "",
    "website_url": "",
    "country": null,
    "birthdate": null,
    "theme": null,
    "last_visit": null
  }
},
{
  "pk": 1,
  "model": "slogan.slogan",
  "fields": {
    "is_visible": true,
    "slogan": "   Lexpage : chaudement recommand\u00e9 par Lexpage.   ",
    "date": "2015-03-11",
    "author": "user1"
  }
},
{
  "pk": 2,
  "model": "slogan.slogan",
  "fields": {
    "is_visible": true,
    "slogan": "   On se l\u00e8ve tous pour Lexpage, Lexpage   ",
    "date": "2015-03-11",
    "author": "toto"
  }
},
{
  "pk": 3,
  "model": "slogan.slogan",
  "fields": {
    "is_visible": true,
    "slogan": "   Lexpage.NET, mieux que Windows.NET ...   ",
    "date": "2015-03-11",
    "author": "toto"
  }
},
{
  "pk": 4,
  "model": "slogan.slogan",
  "fields": {
    "is_visible": true,
    "slogan": "   Lexpage, existe aussi en bleu !   ",
    "date": "2015-03-11",
    "author": "toto"
  }
},
{
  "pk": 1,
  "model": "minichat.message",
  "fields": {
    "text": "un msg",
    "date": "2015-03-11T16:18:03.003",
    "user": [
      "admin"
    ]
  }
},
{
  "pk": 2,
  "model": "minichat.message",
  "fields": {
    "text": "un autre msg",
    "date": "2015-03-11T16:18:08.122",
    "user": [
      "admin"
    ]
  }
},
{
  "pk": 3,
  "model": "minichat.message",
  "fields": {
    "text": "nan mais vous comprenez pas, c'est trop important le faux texte bande de cr\u00e9tins !",
    "date": "2015-03-11T16:19:10.385",
    "user": [
      "admin"
    ]
  }
},
{
  "pk": 4,
  "model": "minichat.message",
  "fields": {
    "text": "lol http://xkcd.com",
    "date": "2015-03-11T16:20:02.432",
    "user": [
      "admin"
    ]
  }
},
{
  "pk": 5,
  "model": "minichat.message",
  "fields": {
    "text": "salut",
    "date": "2015-10-28T10:37:29.686",
    "user": [
      "admin"
    ]
  }
},
{
  "pk": 6,
  "model": "minichat.message",
  "fields": {
    "text": "salut",
    "date": "2015-10-29T17:43:07.909",
    "user": [
      "admin"
    ]
  }
},
{
  "pk": 1,
  "model": "blog.blogpost",
  "fields": {
    "date_published": "2015-03-11T16:09:33.615",
    "date_approved": "2015-03-11T16:09:33.615",
    "status": 4,
    "author": [
      "admin"
    ],
    "date_created": "2015-03-11T16:09:33.616",
    "slug": "hop",
    "tags": "vid\u00e9o motcl\u00e9",
    "priority": 5,
    "title": "hop",
    "abstract": "[Vous ne devinerez](http://nowhere) jamais ce que cette femme a fait",
    "text": "",
    "approved_by": [
      "admin"
    ],
    "date_modified": "2015-03-11T16:09:33.619"
  }
},
{
  "pk": 2,
  "model": "blog.blogpost",
  "fields": {
    "date_published": "2015-03-11T16:11:30.630",
    "date_approved": "2015-03-11T16:11:30.630",
    "status": 4,
    "author": [
      "admin"
    ],
    "date_created": "2015-03-11T16:11:30.631",
    "slug": "choupinou",
    "tags": "jeu toto tata tutu turlututu",
    "priority": 5,
    "title": "Choupinou",
    "abstract": "[Les 15 chats les plus mignons de mon site plein de pub](http://#)",
    "text": "",
    "approved_by": [
      "admin"
    ],
    "date_modified": "2015-03-11T16:11:30.633"
  }
},
{
  "pk": 3,
  "model": "blog.blogpost",
  "fields": {
    "date_published": "2015-03-11T16:17:23.075",
    "date_approved": "2015-03-11T16:17:23.075",
    "status": 4,
    "author": [
      "admin"
    ],
    "date_created": "2015-03-11T16:17:23.075",
    "slug": "vous-ne-devinerez-jamais",
    "tags": "humour",
    "priority": 5,
    "title": "Vous ne devinerez jamais ",
    "abstract": "la m\u00e9saventure li\u00e9e [\u00e0 sa robe](htpp://clickbait)",
    "text": "hop du texte qdditionnel",
    "approved_by": [
      "admin"
    ],
    "date_modified": "2015-03-11T16:17:23.076"
  }
},
{
  "pk": 1,
  "model": "messaging.thread",
  "fields": {
    "title": "Test de conversation",
    "last_message": 1
  }
},
{
  "pk": 1,
  "model": "messaging.message",
  "fields": {
    "text": "Coucou user1 !",
    "date": "2015-03-11T20:33:03.190",
    "author": [
      "admin"
    ],
    "thread": 1
  }
},
{
  "pk": 1,
  "model": "messaging.messagebox",
  "fields": {
    "date_read": "2015-03-11T20:33:04.990",
    "is_starred": false,
    "status": 1,
    "user": [
      "admin"
    ],
    "thread": 1
  }
},
{
  "pk": 2,
  "model": "messaging.messagebox",
  "fields": {
    "date_read": "0001-01-01T00:00:00",
    "is_starred": false,
    "status": 1,
    "user": [
      "user1"
    ],
    "thread": 1
  }
},
{
  "pk": 1,
  "model": "board.thread",
  "fields": {
    "number": 2,
    "title": "Billet - hop",
    "slug": "billet-hop",
    "last_message": 13,
    "date_created": "2015-03-11T16:20:56.814"
  }
},
{
  "pk": 2,
  "model": "board.thread",
  "fields": {
    "number": 11,
    "title": "Un topic super trop important",
    "slug": "un-topic-super-trop-important",
    "last_message": 12,
    "date_created": "2015-03-11T16:21:37.088"
  }
},
{
  "pk": 3,
  "model": "board.thread",
  "fields": {
    "number": 1,
    "title": "dqsdqs",
    "slug": "dqsdqs",
    "last_message": 15,
    "date_created": "2015-10-29T17:43:16.262"
  }
},
{
  "pk": 1,
  "model": "board.message",
  "fields": {
    "text": "Lorem ipsum dolor sit amet, consectetur adipisicing elit, sed do eiusmod\r\ntempor incididunt ut labore et dolore magna aliqua. Ut enim ad minim veniam,\r\nquis nostrud exercitation ullamco laboris nisi ut aliquip ex ea commodo\r\nconsequat. Duis aute irure dolor in reprehenderit in voluptate velit esse\r\ncillum dolore eu fugiat nulla pariatur. Excepteur sint occaecat cupidatat non\r\nproident, sunt in culpa qui officia deserunt mollit anim id est laborum.",
    "date": "2015-03-11T16:20:56.820",
    "moderated": false,
    "author": [
      "admin"
    ],
    "thread": 1
  }
},
{
  "pk": 2,
  "model": "board.message",
  "fields": {
    "text": "Lorem ipsum dolor sit amet, consectetur adipisicing elit, sed do eiusmod\r\ntempor incididunt ut labore et dolore magna aliqua. Ut enim ad minim veniam,\r\nquis nostrud exercitation ullamco laboris nisi ut aliquip ex ea commodo\r\nconsequat. Duis aute irure dolor in reprehenderit in voluptate velit esse\r\ncillum dolore eu fugiat nulla pariatur. Excepteur sint occaecat cupidatat non\r\nproident, sunt in culpa qui officia deserunt mollit anim id est laborum.",
    "date": "2015-03-11T16:21:37.091",
    "moderated": false,
    "author": [
      "admin"
    ],
    "thread": 2
  }
},
{
  "pk": 3,
  "model": "board.message",
  "fields": {
    "text": "[quote=admin]\r\nLorem ipsum dolor sit amet, consectetur adipisicing elit, sed do eiusmod\r\ntempor incididunt ut labore et dolore magna aliqua. Ut enim ad minim veniam,\r\n[/quote]\r\n\r\nLorem ipsum [b]dolor sit amet, consectetur adipisicing[/b] elit, sed do eiusmod\r\ntempor incididunt ut labore et dolore magna aliqua. Ut enim ad minim veniam,\r\nquis nostrud exercitation ullamco laboris nisi ut aliquip ex ea commodo\r\nconsequat. Duis aute irure dolor in reprehenderit in voluptate velit esse\r\ncillum dolore eu fugiat nulla pariatur. Excepteur sint occaecat cupidatat non\r\nproident, sunt in culpa qui officia deserunt mollit anim id est laborum.:kiss5: \r\n\r\nLorem ipsum dolor[spoiler] sit amet, consectetur adipisicing elit, sed do eiusmod\r\ntempor incididunt ut labore et dolore magna aliqua. Ut enim ad minim veniam,\r\nquis nostrud exercitation ullamco laboris nisi ut aliquip[/spoiler] ex ea commodo\r\nconsequat. Duis aute irure dolor in reprehenderit in voluptate velit esse\r\ncillum dolore eu fugiat nulla pariatur. Excepteur sint occaecat cupidatat non\r\nproident, sunt in culpa qui officia deserunt mollit anim id est laborum. :lol2: \r\n",
    "date": "2015-03-11T16:22:34.953",
    "moderated": false,
    "author": [
      "admin"
    ],
    "thread": 2
  }
},
{
  "pk": 4,
  "model": "board.message",
  "fields": {
    "text": "[code]Lorem ipsum dolor sit amet, consectetur adipisicing elit, sed do eiusmod\r\ntempor incididunt ut labore et dolore magna aliqua. Ut enim ad minim veniam,\r\nquis nostrud exercitation ullamco laboris nisi ut aliquip ex ea commodo[/code]\r\n\r\n:yes4: \r\n\r\nconsequat. Duis aute irure dolor in reprehenderit in voluptate velit esse\r\ncillum dolore eu fugiat nulla pariatur. Excepteur sint occaecat cupidatat non\r\nproident, sunt in culpa qui officia deserunt mollit anim id est laborum.",
    "date": "2015-03-11T16:23:08.716",
    "moderated": false,
    "author": [
      "admin"
    ],
    "thread": 2
  }
},
{
  "pk": 5,
  "model": "board.message",
  "fields": {
    "text": "Non ! (test court)",
    "date": "2015-03-11T17:47:41.790",
    "moderated": false,
    "author": [
      "user1"
    ],
    "thread": 2
  }
},
{
  "pk": 6,
  "model": "board.message",
  "fields": {
    "text": "Un truc long\r\n\r\nLorem ipsum dolor sit amet, consectetur adipisicing elit, sed do eiusmod\r\ntempor incididunt ut labore et dolore magna aliqua. Ut enim ad minim veniam,\r\nquis nostrud exercitation ullamco laboris nisi ut aliquip ex ea commodo\r\nconsequat. Duis aute irure dolor in reprehenderit in voluptate velit esse\r\ncillum dolore eu fugiat nulla pariatur. Excepteur sint occaecat cupidatat non\r\nproident, sunt in culpa qui officia deserunt mollit anim id est laborum.\r\n\r\nLorem ipsum dolor sit amet, consectetur adipisicing elit, sed do eiusmod\r\ntempor incididunt ut labore et dolore magna aliqua. Ut enim ad minim veniam,\r\nquis nostrud exercitation ullamco laboris nisi ut aliquip ex ea commodo\r\nconsequat. Duis aute irure dolor in reprehenderit in voluptate velit esse\r\ncillum dolore eu fugiat nulla pariatur. Excepteur sint occaecat cupidatat non\r\nproident, sunt in culpa qui officia deserunt mollit anim id est laborum.\r\n\r\nLorem ipsum dolor sit amet, consectetur adipisicing elit, sed do eiusmod\r\ntempor incididunt ut labore et dolore magna aliqua. Ut enim ad minim veniam,\r\nquis nostrud exercitation ullamco laboris nisi ut aliquip ex ea commodo\r\nconsequat. Duis aute irure dolor in reprehenderit in voluptate velit esse\r\ncillum dolore eu fugiat nulla pariatur. Excepteur sint occaecat cupidatat non\r\nproident, sunt in culpa qui officia deserunt mollit anim id est laborum.\r\n\r\nLorem ipsum dolor sit amet, consectetur adipisicing elit, sed do eiusmod\r\ntempor incididunt ut labore et dolore magna aliqua. Ut enim ad minim veniam,\r\nquis nostrud exercitation ullamco laboris nisi ut aliquip ex ea commodo\r\nconsequat. Duis aute irure dolor in reprehenderit in voluptate velit esse\r\ncillum dolore eu fugiat nulla pariatur. Excepteur sint occaecat cupidatat non\r\nproident, sunt in culpa qui officia deserunt mollit anim id est laborum.",
    "date": "2015-03-11T17:49:07.819",
    "moderated": false,
    "author": [
      "admin"
    ],
    "thread": 2
  }
},
{
  "pk": 7,
  "model": "board.message",
  "fields": {
    "text": "Un embed yt : \r\n\r\n[embed]https://www.youtube.com/watch?v=oHg5SJYRHA0[/embed]",
    "date": "2015-03-11T17:51:33.439",
    "moderated": false,
    "author": [
      "admin"
    ],
    "thread": 2
  }
},
{
  "pk": 8,
  "model": "board.message",
  "fields": {
    "text": "Lorem ipsum dolor sit amet, consectetur adipisicing elit, sed do eiusmod\r\ntempor incididunt ut labore et dolore magna aliqua. Ut enim ad minim veniam,\r\nquis nostrud exercitation ullamco laboris nisi ut aliquip ex ea commodo\r\nconsequat. Duis aute irure dolor in reprehenderit in voluptate velit esse\r\ncillum dolore eu fugiat nulla pariatur. Excepteur sint occaecat cupidatat non\r\nproident, sunt in culpa qui officia deserunt mollit anim id est laborum.",
    "date": "2015-03-11T17:52:00.606",
    "moderated": false,
    "author": [
      "admin"
    ],
    "thread": 2
  }
},
{
  "pk": 9,
  "model": "board.message",
  "fields": {
    "text": "Lorem ipsum dolor sit amet, consectetur adipisicing elit, sed do eiusmod\r\ntempor incididunt ut labore et dolore magna aliqua. Ut enim ad minim veniam,\r\nquis nostrud exercitation ullamco laboris nisi ut aliquip ex ea commodo\r\nconsequat. Duis aute irure dolor in reprehenderit in voluptate velit esse\r\ncillum dolore eu fugiat nulla pariatur. Excepteur sint occaecat cupidatat non\r\nproident, sunt in culpa qui officia deserunt mollit anim id est laborum.",
    "date": "2015-03-11T17:52:12.489",
    "moderated": false,
    "author": [
      "admin"
    ],
    "thread": 2
  }
},
{
  "pk": 10,
  "model": "board.message",
  "fields": {
    "text": "Lorem ipsum dolor sit amet, consectetur adipisicing elit, sed do eiusmod\r\ntempor incididunt ut labore et dolore magna aliqua. Ut enim ad minim veniam,\r\nquis nostrud exercitation ullamco laboris nisi ut aliquip ex ea commodo\r\nconsequat. Duis aute irure dolor in reprehenderit in voluptate velit esse\r\ncillum dolore eu fugiat nulla pariatur. Excepteur sint occaecat cupidatat non\r\nproident, sunt in culpa qui officia deserunt mollit anim id est laborum.",
    "date": "2015-03-11T17:52:21.806",
    "moderated": false,
    "author": [
      "admin"
    ],
    "thread": 2
  }
},
{
  "pk": 11,
  "model": "board.message",
  "fields": {
    "text": "Lorem ipsum dolor sit amet, consectetur adipisicing elit, sed do eiusmod\r\ntempor incididunt ut labore et dolore magna aliqua. Ut enim ad minim veniam,\r\nquis nostrud exercitation ullamco laboris nisi ut aliquip ex ea commodo\r\nconsequat. Duis aute irure dolor in reprehenderit in voluptate velit esse\r\ncillum dolore eu fugiat nulla pariatur. Excepteur sint occaecat cupidatat non\r\nproident, sunt in culpa qui officia deserunt mollit anim id est laborum.",
    "date": "2015-03-11T17:52:26.452",
    "moderated": false,
    "author": [
      "admin"
    ],
    "thread": 2
  }
},
{
  "pk": 12,
  "model": "board.message",
  "fields": {
    "text": "Lorem ipsum dolor sit amet, consectetur adipisicing elit, sed do eiusmod\r\ntempor incididunt ut labore et dolore magna aliqua. Ut enim ad minim veniam,\r\nquis nostrud exercitation ullamco laboris nisi ut aliquip ex ea commodo\r\nconsequat. Duis aute irure dolor in reprehenderit in voluptate velit esse\r\ncillum dolore eu fugiat nulla pariatur. Excepteur sint occaecat cupidatat non\r\nproident, sunt in culpa qui officia deserunt mollit anim id est laborum.",
    "date": "2015-03-11T17:52:35.825",
    "moderated": false,
    "author": [
      "admin"
    ],
    "thread": 2
  }
},
{
  "pk": 13,
  "model": "board.message",
  "fields": {
    "text": "test",
    "date": "2015-09-16T15:34:15.970",
    "moderated": false,
    "author": [
      "user1"
    ],
    "thread": 1
  }
},
{
  "pk": 15,
  "model": "board.message",
  "fields": {
    "text": "dqsdqsdsq",
    "date": "2015-10-29T17:43:16.282",
    "moderated": false,
    "author": [
      "admin"
    ],
    "thread": 3
  }
},
{
  "pk": 1,
  "model": "board.messagehistory",
  "fields": {
    "edited_by": [
      "admin"
    ],
    "text": "--- ancien\n+++ nouveau\n@@ -1 +1 @@\n-dqsdqs\n+dqsdqsdsq",
    "date": "2015-10-29T17:43:22.528",
    "message": 15
  }
},
{
  "pk": 1,
  "model": "board.flag",
  "fields": {
    "message": 1,
    "user": [
      "admin"
    ],
    "thread": 1
  }
},
{
  "pk": 2,
  "model": "board.flag",
  "fields": {
    "message": 12,
    "user": [
      "admin"
    ],
    "thread": 2
  }
},
{
  "pk": 3,
  "model": "board.flag",
  "fields": {
    "message": 5,
    "user": [
      "user1"
    ],
    "thread": 2
  }
},
{
  "pk": 4,
  "model": "board.flag",
  "fields": {
    "message": 13,
    "user": [
      "user1"
    ],
    "thread": 1
  }
},
{
  "pk": 5,
  "model": "board.flag",
  "fields": {
    "message": 15,
    "user": [
      "admin"
    ],
    "thread": 3
  }
},
{
  "pk": 1,
  "model": "board.blogboardlink",
  "fields": {
    "post": 1,
    "thread": 1
  }
},
{
  "pk": 1,
  "model": "notifications.notification",
  "fields": {
    "title": "Nouvelle conversation",
    "app": "messaging",
    "date": "2015-03-11T20:33:04.484",
    "recipient": [
      "user1"
    ],
    "description": "admin a entam\u00e9 une nouvelle conversation avec vous : <em>Test de conversation</em>.",
    "action": "/messaging/1/",
    "key": "thread-1"
  }
}
]
